Community,Community Latitude,Community Longitude,Venue,Venue Latitude,Venue Longitude
Boms,47.969713,9.508511,Shell,48.0066933,9.51388072
Boms,47.969713,9.508511,Aral,48.01914342,9.49702003
Boms,47.969713,9.508511,AUTOWELT,48.01030898710339,9.496515301656803
Boms,47.969713,9.508511,JET,48.019145284935924,9.492520505275184
Boms,47.969713,9.508511,Esso,47.927761,9.544645
Ebenweiler,47.900658,9.513264,Esso,47.927761,9.544645
Eichstegen,47.938739,9.498845,Esso,47.927761,9.544645
Fleischwangen,47.879063,9.477566,Tankstelle,47.863135,9.423995
Guggenhausen,47.893685,9.455438,Tankstelle,47.863135,9.423995
Riedhausen,47.908922,9.431359,Tankstelle,47.863135,9.423995
Unterwaldhausen,47.902083,9.469885,Tankstelle,47.863135,9.423995
Ebersbach-Musbach,47.956209,9.580336,Jet Tankstelle,47.94432132801849,9.636790534580129
Ebersbach-Musbach,47.956209,9.580336,Esso,47.927761,9.544645
Bad Waldsee,47.92251,9.751276,AVIA,47.92544769540886,9.755750556071938
Bad Waldsee,47.92251,9.751276,Shell,47.87755019,9.70462081
Bad Waldsee,47.92251,9.751276,Schindele Fahren & Sparen,47.927005767822266,9.757771492004395
Bad Waldsee,47.92251,9.751276,Esso Tankstelle,47.9161,9.7488
Ravensburg,47.78366,9.615089,Tankstelle Roth,47.776347,9.618581
Ravensburg,47.78366,9.615089,Shell,47.77973756,9.58624516
Ravensburg,47.78366,9.615089,Aral,47.775655940709264,9.604378046572632
Ravensburg,47.78366,9.615089,Aral,47.772072,9.67064
Ravensburg,47.78366,9.615089,Aral,47.81205991,9.64072513
Ravensburg,47.78366,9.615089,Aral,47.73856288,9.59847558
Ravensburg,47.78366,9.615089,RAN,47.81039566210624,9.627820356635715
Ravensburg,47.78366,9.615089,Esso Tiger Wäsche,47.769568421059155,9.620649241986769
Ravensburg,47.78366,9.615089,Esso Tankstelle,47.811687144952025,9.637253000398665
Ravensburg,47.78366,9.615089,schindele - waschpark,47.78996890811547,9.607973120231952
Ravensburg,47.78366,9.615089,Jet Ravensburg,47.79183067884173,9.62278425693512
Ravensburg,47.78366,9.615089,Boss Tankstelle,47.82900689688629,9.651685031726565
Ravensburg,47.78366,9.615089,Aral,47.817805514048246,9.64223180394846
Ravensburg,47.78366,9.615089,Bosch Service,47.821468891849264,9.636641767263628
Weingarten,47.807399,9.640669,Aral,47.81205991,9.64072513
Weingarten,47.807399,9.640669,Shell,47.77973756,9.58624516
Weingarten,47.807399,9.640669,Aral,47.772072,9.67064
Weingarten,47.807399,9.640669,Aral,47.775655940709264,9.604378046572632
Weingarten,47.807399,9.640669,RAN,47.81039566210624,9.627820356635715
Weingarten,47.807399,9.640669,Tankstelle Roth,47.776347,9.618581
Weingarten,47.807399,9.640669,Esso Tiger Wäsche,47.769568421059155,9.620649241986769
Weingarten,47.807399,9.640669,Esso Tankstelle,47.811687144952025,9.637253000398665
Weingarten,47.807399,9.640669,Boss Tankstelle,47.82900689688629,9.651685031726565
Weingarten,47.807399,9.640669,Jet Ravensburg,47.79183067884173,9.62278425693512
Weingarten,47.807399,9.640669,schindele - waschpark,47.78996890811547,9.607973120231952
Weingarten,47.807399,9.640669,Aral,47.817805514048246,9.64223180394846
Weingarten,47.807399,9.640669,Bosch Service,47.821468891849264,9.636641767263628
Vogt,47.775383,9.766671,Avia Tankstelle,47.79731,9.80862
Vogt,47.775383,9.766671,Aral,47.806523,9.81924
Wolfegg,47.820361,9.793215,Avia Tankstelle,47.79731,9.80862
Wolfegg,47.820361,9.793215,Aral,47.806523,9.81924
Amtzell,47.70628,9.747974,Aral,47.6952065918495,9.75904802673203
Amtzell,47.70628,9.747974,Tankstelle,47.69265994560289,9.818344111706246
Wangen im Allgäu,47.685855,9.832354,bft Tankstelle,47.689321,9.82822
Wangen im Allgäu,47.685855,9.832354,Shell,47.69468876,9.82822539
Wangen im Allgäu,47.685855,9.832354,Tankstelle,47.69265994560289,9.818344111706246
Wangen im Allgäu,47.685855,9.832354,Motorrad Schek,47.681766510009766,9.824897766113281
Wangen im Allgäu,47.685855,9.832354,Tankstelle,47.67867974133686,9.827789353771914
Wilhelmsdorf,47.867494,9.425067,Tankstelle,47.863135,9.423995
Horgenzell,47.806456,9.497983,Avia Tankstelle Horgenzell,47.796824,9.504685
Gammertingen,48.250288,9.2157,Aral,48.24583279,9.22301639
Hettingen,48.219073,9.234626,Aral,48.24583279,9.22301639
Neufra,48.247697,9.186636,Aral,48.24583279,9.22301639
Hohentengen,48.028673,9.376107,Aral,48.044409,9.322133
Hohentengen,48.028673,9.376107,JET,48.06301838159971,9.414759997330997
Mengen,48.048768,9.329165,Aral,48.044409,9.322133
Mengen,48.048768,9.329165,ECO-Tankstelle,48.06863999999999,9.26099
Scheer,48.074457,9.29707,JET,48.090058744644224,9.222750980249305
Scheer,48.074457,9.29707,ECO-Tankstelle,48.06863999999999,9.26099
Scheer,48.074457,9.29707,Aral,48.08664942,9.21202746
Scheer,48.074457,9.29707,ECO-Tankstelle,48.090218375866975,9.224985523307312
Scheer,48.074457,9.29707,Shell,48.08819067,9.23025274
Scheer,48.074457,9.29707,Aral,48.044409,9.322133
Meßkirch,47.992608,9.111166,Agip Service Station,47.99590057,9.12054955
Meßkirch,47.992608,9.111166,Raiffeisen Tankstelle,48.016027,9.103924
Sauldorf,47.94256,9.106323,Agip Service Station,47.99590057,9.12054955
Schemmerhofen,48.174914,9.789396,1A Autoservice Gehring,48.173089,9.860549
Allmannsweiler,48.028386,9.593584,Shell,48.0066933,9.51388072
Allmannsweiler,48.028386,9.593584,Aral,48.00034949,9.66023707
Dürnau,48.060403,9.554803,Shell,48.0066933,9.51388072
Bad Schussenried,48.004849,9.657495,Aral,48.00034949,9.66023707
Ingoldingen,48.025577,9.739688,Shell,47.98690204,9.77157834
Biberach an der Riß,48.097465,9.79203,Aral,48.09698984,9.79199922
Biberach an der Riß,48.097465,9.79203,Agip Service Station,48.08618759,9.79593245
Biberach an der Riß,48.097465,9.79203,Shell,48.1082365,9.80153606
Biberach an der Riß,48.097465,9.79203,TOTAL Tankstelle,48.095407,9.779654
Biberach an der Riß,48.097465,9.79203,Shell,48.08414276,9.80098761
Biberach an der Riß,48.097465,9.79203,RAN Station,48.09162131722294,9.795592801340407
Biberach an der Riß,48.097465,9.79203,ACB - Autocenter Biberach,48.111907275041744,9.802743078002948
Biberach an der Riß,48.097465,9.79203,Aral,48.09555822,9.7795308
Eberhardzell,48.001249,9.824229,Shell,47.98690204,9.77157834
Hochdorf,48.02488,9.787135,Shell,47.98690204,9.77157834
Maselheim,48.13449,9.883935,1A Autoservice Gehring,48.173089,9.860549
Mittelbiberach,48.087332,9.747188,Shell,48.1082365,9.80153606
Mittelbiberach,48.087332,9.747188,Shell,48.08414276,9.80098761
Mittelbiberach,48.087332,9.747188,TOTAL Tankstelle,48.095407,9.779654
Mittelbiberach,48.087332,9.747188,Agip Service Station,48.08618759,9.79593245
Mittelbiberach,48.087332,9.747188,Aral,48.09698984,9.79199922
Mittelbiberach,48.087332,9.747188,RAN Station,48.09162131722294,9.795592801340407
Mittelbiberach,48.087332,9.747188,ACB - Autocenter Biberach,48.111907275041744,9.802743078002948
Mittelbiberach,48.087332,9.747188,Aral,48.09555822,9.7795308
Ummendorf,48.062058,9.831026,Agip Service Station,48.08618759,9.79593245
Ummendorf,48.062058,9.831026,TOTAL Tankstelle,48.095407,9.779654
Ummendorf,48.062058,9.831026,Shell,48.08414276,9.80098761
Ummendorf,48.062058,9.831026,Aral,48.09698984,9.79199922
Ummendorf,48.062058,9.831026,RAN Station,48.09162131722294,9.795592801340407
Ummendorf,48.062058,9.831026,Aral,48.09555822,9.7795308
Warthausen,48.128975,9.797727,Shell,48.1082365,9.80153606
Warthausen,48.128975,9.797727,Agip Service Station,48.08618759,9.79593245
Warthausen,48.128975,9.797727,TOTAL Tankstelle,48.095407,9.779654
Warthausen,48.128975,9.797727,Shell,48.08414276,9.80098761
Warthausen,48.128975,9.797727,Aral,48.09698984,9.79199922
Warthausen,48.128975,9.797727,RAN Station,48.09162131722294,9.795592801340407
Warthausen,48.128975,9.797727,ACB - Autocenter Biberach,48.111907275041744,9.802743078002948
Warthausen,48.128975,9.797727,Aral,48.09555822,9.7795308
Berkheim,48.043327,10.08179,Aral,48.03493731,10.15359854
Berkheim,48.043327,10.08179,Aral,48.088416,10.078724
Berkheim,48.043327,10.08179,Bft Tankstelle Kirchdorf,48.081614,10.122249
Dettingen an der Iller,48.109544,10.109281,Shell,48.12289371024067,10.112348612513502
Dettingen an der Iller,48.109544,10.109281,Aral,48.1228436,10.11235783
Dettingen an der Iller,48.109544,10.109281,Aral,48.088416,10.078724
Dettingen an der Iller,48.109544,10.109281,Avia,48.12722512222776,10.109633248824526
Dettingen an der Iller,48.109544,10.109281,Raststätte Illertal Ost,48.12418598470977,10.11256633804292
Dettingen an der Iller,48.109544,10.109281,Bft Tankstelle Kirchdorf,48.081614,10.122249
Erolzheim,48.091068,10.072583,Aral,48.088416,10.078724
Erolzheim,48.091068,10.072583,Raststätte Illertal Ost,48.12418598470977,10.11256633804292
Erolzheim,48.091068,10.072583,Shell,48.12289371024067,10.112348612513502
Erolzheim,48.091068,10.072583,Avia,48.12722512222776,10.109633248824526
Erolzheim,48.091068,10.072583,Aral,48.1228436,10.11235783
Erolzheim,48.091068,10.072583,Bft Tankstelle Kirchdorf,48.081614,10.122249
Kirchberg an der Iller,48.132256,10.081464,Raststätte Illertal Ost,48.12418598470977,10.11256633804292
Kirchberg an der Iller,48.132256,10.081464,Shell,48.12289371024067,10.112348612513502
Kirchberg an der Iller,48.132256,10.081464,Aral,48.088416,10.078724
Kirchberg an der Iller,48.132256,10.081464,Avia,48.12722512222776,10.109633248824526
Kirchberg an der Iller,48.132256,10.081464,Aral,48.1228436,10.11235783
Kirchberg an der Iller,48.132256,10.081464,Bft Tankstelle Kirchdorf,48.081614,10.122249
Kirchdorf an der Iller,48.076496,10.126512,Bft Tankstelle Kirchdorf,48.081614,10.122249
Kirchdorf an der Iller,48.076496,10.126512,Shell,48.12289371024067,10.112348612513502
Kirchdorf an der Iller,48.076496,10.126512,Aral,48.03493731,10.15359854
Kirchdorf an der Iller,48.076496,10.126512,Aral,48.088416,10.078724
Kirchdorf an der Iller,48.076496,10.126512,Aral,48.1228436,10.11235783
Achstetten,48.258983,9.898085,AVIA,48.237482,9.87914
Achstetten,48.258983,9.898085,Aral,48.237475,9.882376
Achstetten,48.258983,9.898085,Speed Point Eble,48.228566,9.879593
Achstetten,48.258983,9.898085,Jet Tankstelle,48.24130972714855,9.874101877212524
Achstetten,48.258983,9.898085,RAN Tankstelle,48.218941386205685,9.878463418612094
Burgrieden,48.238255,9.93438,AVIA,48.237482,9.87914
Burgrieden,48.238255,9.93438,Aral,48.237475,9.882376
Burgrieden,48.238255,9.93438,Speed Point Eble,48.228566,9.879593
Burgrieden,48.238255,9.93438,RAN Tankstelle,48.218941386205685,9.878463418612094
Burgrieden,48.238255,9.93438,Jet Tankstelle,48.24130972714855,9.874101877212524
Laupheim,48.230018,9.883733,Aral,48.237475,9.882376
Laupheim,48.230018,9.883733,AVIA,48.237482,9.87914
Laupheim,48.230018,9.883733,Speed Point Eble,48.228566,9.879593
Laupheim,48.230018,9.883733,RAN Tankstelle,48.218941386205685,9.878463418612094
Laupheim,48.230018,9.883733,Jet Tankstelle,48.24130972714855,9.874101877212524
Mietingen,48.179243,9.903726,1A Autoservice Gehring,48.173089,9.860549
Mietingen,48.179243,9.903726,RAN Tankstelle,48.218941386205685,9.878463418612094
Mietingen,48.179243,9.903726,Speed Point Eble,48.228566,9.879593
Erlenmoos,48.063201,9.974997,RAN,48.071788,9.949199
Erlenmoos,48.063201,9.974997,Aral,48.072459,9.948053
Ochsenhausen,48.06947,9.951929,RAN,48.071788,9.949199
Ochsenhausen,48.06947,9.951929,Aral,48.072459,9.948053
Steinhausen an der Rottum,48.023423,9.956273,RAN,48.071788,9.949199
Steinhausen an der Rottum,48.023423,9.956273,Aral,48.072459,9.948053
Gutenzell-Hürbel,48.113537,9.997187,RAN,48.071788,9.949199
Gutenzell-Hürbel,48.113537,9.997187,Aral,48.072459,9.948053
Altheim,48.145555,9.448855,Aral,48.14845824,9.48534481
Altheim,48.145555,9.448855,AVIA,48.15018081665039,9.487271308898926
Altheim,48.145555,9.448855,Tankstelle Walz,48.15686098814262,9.501063454823184
Altheim,48.145555,9.448855,Tankpool24,48.109816,9.463453
Dürmentingen,48.113546,9.533605,AVIA,48.15018081665039,9.487271308898926
Dürmentingen,48.113546,9.533605,Aral,48.14845824,9.48534481
Dürmentingen,48.113546,9.533605,Tankpool24,48.109816,9.463453
Dürmentingen,48.113546,9.533605,Tankstelle Walz,48.15686098814262,9.501063454823184
Ertingen,48.096788,9.460739,Tankpool24,48.109816,9.463453
Ertingen,48.096788,9.460739,JET,48.06301838159971,9.414759997330997
Riedlingen,48.153148,9.47504,Aral,48.14845824,9.48534481
Riedlingen,48.153148,9.47504,AVIA,48.15018081665039,9.487271308898926
Riedlingen,48.153148,9.47504,Tankpool24,48.109816,9.463453
Riedlingen,48.153148,9.47504,Tankstelle Walz,48.15686098814262,9.501063454823184
Unlingen,48.166683,9.522042,Aral,48.14845824,9.48534481
Unlingen,48.166683,9.522042,AVIA,48.15018081665039,9.487271308898926
Unlingen,48.166683,9.522042,Tankstelle Walz,48.15686098814262,9.501063454823184
Tannheim,48.000036,10.081648,OMV,47.99935398622175,10.152830139751574
Tannheim,48.000036,10.081648,Aral,47.99170595,10.16059752
Wain,48.188928,10.022001,Aral,48.21047491,10.07737841
Meckenbeuren,47.700637,9.562678,Aral,47.69340228,9.55948931
Meckenbeuren,47.700637,9.562678,Agip Service Station,47.66737408,9.59340233
Meckenbeuren,47.700637,9.562678,Aral,47.73856288,9.59847558
Meckenbeuren,47.700637,9.562678,Aral,47.66851533,9.56101125
Meckenbeuren,47.700637,9.562678,Pinoil,47.668674,9.59119
Meckenbeuren,47.700637,9.562678,MTB Tankstelle,47.67508,9.58759
Meckenbeuren,47.700637,9.562678,OMV,47.67574953674468,9.586947068817416
Meckenbeuren,47.700637,9.562678,OMV Tankstelle,47.673727419235725,9.580906728383894
Meckenbeuren,47.700637,9.562678,Linde Technische Gase,47.670140672308435,9.553380486437462
Meckenbeuren,47.700637,9.562678,wilhelm,47.675017,9.587551
Meckenbeuren,47.700637,9.562678,Pinol,47.66902421819277,9.591185043866194
Meckenbeuren,47.700637,9.562678,Schindele,47.67222878493877,9.5291831814413
Meckenbeuren,47.700637,9.562678,OMV Tankstelle Ailingen,47.68760653035283,9.490658220444791
Eriskirch,47.629977,9.530728,SB Tankstelle,47.630837672732646,9.52979717689579
Eriskirch,47.629977,9.530728,Aral,47.607476465917145,9.586811464600789
Eriskirch,47.629977,9.530728,Aral,47.66851533,9.56101125
Eriskirch,47.629977,9.530728,Esso,47.664493626309614,9.481399620836704
Eriskirch,47.629977,9.530728,Linde Technische Gase,47.670140672308435,9.553380486437462
Eriskirch,47.629977,9.530728,pit-stop,47.655046383895396,9.485783441156142
Eriskirch,47.629977,9.530728,Esso Tankstelle,47.652653454266364,9.4839598833459
Eriskirch,47.629977,9.530728,Jet Tanke Friedrichshafen,47.66156520258606,9.503806096791031
Eriskirch,47.629977,9.530728,Tinol Tankstelle,47.658671,9.481192
Eriskirch,47.629977,9.530728,Agip Tankstelle,47.659844,9.487878
Eriskirch,47.629977,9.530728,Schindele,47.67222878493877,9.5291831814413
Kressbronn am Bodensee,47.596747,9.59834,OMV Tankstelle,47.592597,9.602652
Kressbronn am Bodensee,47.596747,9.59834,Aral,47.607476465917145,9.586811464600789
Kressbronn am Bodensee,47.596747,9.59834,Esso,47.593647,9.599908
Langenargen,47.596737,9.54014,Aral,47.607476465917145,9.586811464600789
Langenargen,47.596737,9.54014,SB Tankstelle,47.630837672732646,9.52979717689579
Langenargen,47.596737,9.54014,OMV Tankstelle,47.592597,9.602652
Langenargen,47.596737,9.54014,Esso,47.593647,9.599908
Friedrichshafen,47.652205,9.479614,Esso Tankstelle,47.652653454266364,9.4839598833459
Friedrichshafen,47.652205,9.479614,Shell,47.65672938102457,9.464109359405146
Friedrichshafen,47.652205,9.479614,Jet Tanke Friedrichshafen,47.66156520258606,9.503806096791031
Friedrichshafen,47.652205,9.479614,TS Marktkauf,47.669179211219,9.491071220267623
Friedrichshafen,47.652205,9.479614,Tinol Tankstelle,47.658671,9.481192
Friedrichshafen,47.652205,9.479614,RAN Tankstelle,47.656736583894045,9.453607024919386
Friedrichshafen,47.652205,9.479614,Schindele,47.67222878493877,9.5291831814413
Friedrichshafen,47.652205,9.479614,SB Tankstelle,47.630837672732646,9.52979717689579
Friedrichshafen,47.652205,9.479614,OMV Tankstelle Ailingen,47.68760653035283,9.490658220444791
Friedrichshafen,47.652205,9.479614,Agip Tankstelle,47.659844,9.487878
Friedrichshafen,47.652205,9.479614,Esso,47.664493626309614,9.481399620836704
Friedrichshafen,47.652205,9.479614,pit-stop,47.655046383895396,9.485783441156142
Friedrichshafen,47.652205,9.479614,BFT,47.67074898559492,9.480129294084776
Immenstaad am Bodensee,47.666622,9.37146,Shell,47.66555842417193,9.358785549606917
Immenstaad am Bodensee,47.666622,9.37146,Autowaschanlage,47.71449189472322,9.40148825746157
Immenstaad am Bodensee,47.666622,9.37146,HEM Tankstelle,47.714407,9.396953
Bermatingen,47.731114,9.348092,TOTAL Tankstelle,47.73577267,9.34139492
Bermatingen,47.731114,9.348092,Esso Tankstelle,47.719070858587905,9.396585095631538
Bermatingen,47.731114,9.348092,bft,47.775636,9.377301
Bermatingen,47.731114,9.348092,bft Tankstelle Autohaus Wildi,47.71702,9.396327
Bermatingen,47.731114,9.348092,Esso Tankstelle Bermatingen,47.734408725978945,9.343466199080693
Bermatingen,47.731114,9.348092,HEM Tankstelle,47.714407,9.396953
Bermatingen,47.731114,9.348092,Avia Tankstelle Neufrach,47.759838,9.31008
Bermatingen,47.731114,9.348092,Autowaschanlage,47.71449189472322,9.40148825746157
Markdorf,47.72035,9.389138,Esso Tankstelle,47.719070858587905,9.396585095631538
Markdorf,47.72035,9.389138,TOTAL Tankstelle,47.73577267,9.34139492
Markdorf,47.72035,9.389138,bft,47.775636,9.377301
Markdorf,47.72035,9.389138,HEM Tankstelle,47.714407,9.396953
Markdorf,47.72035,9.389138,Autowaschanlage,47.71449189472322,9.40148825746157
Markdorf,47.72035,9.389138,bft Tankstelle Autohaus Wildi,47.71702,9.396327
Markdorf,47.72035,9.389138,Tankstelle,47.724544,9.464268
Markdorf,47.72035,9.389138,Esso Tankstelle Bermatingen,47.734408725978945,9.343466199080693
Oberteuringen,47.725477,9.471967,Tankstelle,47.724544,9.464268
Oberteuringen,47.725477,9.471967,Esso Tankstelle,47.719070858587905,9.396585095631538
Oberteuringen,47.725477,9.471967,bft Tankstelle Autohaus Wildi,47.71702,9.396327
Oberteuringen,47.725477,9.471967,BFT,47.67074898559492,9.480129294084776
Oberteuringen,47.725477,9.471967,Avia Tankstelle,47.737173103339835,9.471365398490269
Oberteuringen,47.725477,9.471967,TS Marktkauf,47.669179211219,9.491071220267623
Oberteuringen,47.725477,9.471967,OMV Tankstelle Ailingen,47.68760653035283,9.490658220444791
Deggenhausertal,47.78158,9.390459,bft,47.775636,9.377301
Daisendorf,47.711716,9.265766,Agip,47.69294057,9.28121913
Daisendorf,47.711716,9.265766,TOTAL Tankstelle,47.73577267,9.34139492
Daisendorf,47.711716,9.265766,Esso Tankstelle Bermatingen,47.734408725978945,9.343466199080693
Daisendorf,47.711716,9.265766,Esso Tankstelle,47.723531,9.234501
Daisendorf,47.711716,9.265766,Avia Tankstelle Neufrach,47.759838,9.31008
Hagnau am Bodensee,47.67625,9.320022,Shell,47.66555842417193,9.358785549606917
Hagnau am Bodensee,47.67625,9.320022,Agip,47.69294057,9.28121913
Meersburg,47.695076,9.273408,Agip,47.69294057,9.28121913
Meersburg,47.695076,9.273408,Esso Tankstelle,47.723531,9.234501
Stetten,47.692691,9.300569,Agip,47.69294057,9.28121913
Stetten,47.692691,9.300569,Shell,47.66555842417193,9.358785549606917
Stetten,47.692691,9.300569,TOTAL Tankstelle,47.73577267,9.34139492
Stetten,47.692691,9.300569,Esso Tankstelle Bermatingen,47.734408725978945,9.343466199080693
Uhldingen-Mühlhofen,47.735636,9.245612,Esso Tankstelle,47.723531,9.234501
Uhldingen-Mühlhofen,47.735636,9.245612,Agip,47.69294057,9.28121913
Uhldingen-Mühlhofen,47.735636,9.245612,Aral,47.75410903,9.19017822
Uhldingen-Mühlhofen,47.735636,9.245612,bft Tankstelle,47.766297,9.286768
Frickingen,47.81517,9.273089,bft Tankstelle Leustetten,47.805518,9.293845
Frickingen,47.81517,9.273089,bft Tankstelle,47.766297,9.286768
Frickingen,47.81517,9.273089,Freie Tankstelle und Landmaschinentechnik Kessler,47.8042187285053,9.29368949173992
Heiligenberg,47.821299,9.312802,bft Tankstelle,47.766297,9.286768
Heiligenberg,47.821299,9.312802,Freie Tankstelle und Landmaschinentechnik Kessler,47.8042187285053,9.29368949173992
Heiligenberg,47.821299,9.312802,bft Tankstelle Leustetten,47.805518,9.293845
Salem,47.759725,9.310691,Avia Tankstelle Neufrach,47.759838,9.31008
Salem,47.759725,9.310691,TOTAL Tankstelle,47.73577267,9.34139492
Salem,47.759725,9.310691,bft,47.775636,9.377301
Salem,47.759725,9.310691,bft Tankstelle,47.766297,9.286768
Salem,47.759725,9.310691,Esso Tankstelle Bermatingen,47.734408725978945,9.343466199080693
Salem,47.759725,9.310691,Freie Tankstelle und Landmaschinentechnik Kessler,47.8042187285053,9.29368949173992
Neukirch,47.657496,9.701999,Aral,47.6952065918495,9.75904802673203
Tettnang,47.671477,9.589453,OMV,47.67574953674468,9.586947068817416
Tettnang,47.671477,9.589453,Agip Service Station,47.66737408,9.59340233
Tettnang,47.671477,9.589453,Aral,47.69340228,9.55948931
Tettnang,47.671477,9.589453,Aral,47.66851533,9.56101125
Tettnang,47.671477,9.589453,Pinoil,47.668674,9.59119
Tettnang,47.671477,9.589453,MTB Tankstelle,47.67508,9.58759
Tettnang,47.671477,9.589453,Schindele,47.67222878493877,9.5291831814413
Tettnang,47.671477,9.589453,OMV Tankstelle,47.673727419235725,9.580906728383894
Tettnang,47.671477,9.589453,wilhelm,47.675017,9.587551
Tettnang,47.671477,9.589453,Linde Technische Gase,47.670140672308435,9.553380486437462
Tettnang,47.671477,9.589453,Pinol,47.66902421819277,9.591185043866194
Owingen,47.810832,9.175628,Aral,47.77156065,9.17402749
Owingen,47.810832,9.175628,Aral,47.75410903,9.19017822
Owingen,47.810832,9.175628,Agip Service Station,47.76970258,9.17128392
Owingen,47.810832,9.175628,Bommer: Energie,47.776295,9.199677
Owingen,47.810832,9.175628,HEM Tankstelle,47.77761084896235,9.193810195158559
Owingen,47.810832,9.175628,Bootswerft Sebastian Dentler,47.774414,9.184401
Sipplingen,47.79642,9.098441,OMV Tankstelle,47.816038877909776,9.061179446796165
Überlingen,47.768547,9.159266,Agip Service Station,47.76970258,9.17128392
Überlingen,47.768547,9.159266,Aral,47.77156065,9.17402749
Überlingen,47.768547,9.159266,Bommer: Energie,47.776295,9.199677
Überlingen,47.768547,9.159266,Aral,47.75410903,9.19017822
Überlingen,47.768547,9.159266,HEM Tankstelle,47.77761084896235,9.193810195158559
Überlingen,47.768547,9.159266,Bootswerft Sebastian Dentler,47.774414,9.184401
Aulendorf,47.951301,9.638492,Jet Tankstelle,47.94432132801849,9.636790534580129
Aulendorf,47.951301,9.638492,Aral,48.00034949,9.66023707
Bad Wurzach,47.908416,9.896525,Aral,47.90494517,9.89550708
Bad Wurzach,47.908416,9.896525,Esso,47.908859,9.892166
Bad Wurzach,47.908416,9.896525,AVIA Tankstelle,47.911281,9.89143
Isny im Allgäu,47.692238,10.039361,Avia Isny,47.697881,10.041685
Isny im Allgäu,47.692238,10.039361,Aral,47.68956488,10.03289139
Isny im Allgäu,47.692238,10.039361,Agip Service Station,47.65629162,10.08844061
Isny im Allgäu,47.692238,10.039361,Jet,47.68608,10.021102
Kißlegg,47.787754,9.881938,Esso Tankstelle,47.795843,9.877525
Kißlegg,47.787754,9.881938,Shell,47.77138513,9.89098627
Kißlegg,47.787754,9.881938,Avia Tankstelle,47.79731,9.80862
Kißlegg,47.787754,9.881938,Esso Tankstelle,47.79579404296906,9.919054395300341
Kißlegg,47.787754,9.881938,Aral,47.806523,9.81924
Argenbühl,47.688159,9.959372,Aral,47.68956488,10.03289139
Argenbühl,47.688159,9.959372,Jet,47.68608,10.021102
Altshausen,47.93449,9.538271,Esso,47.927761,9.544645
Bergatreute,47.849665,9.748012,Shell,47.87755019,9.70462081
Bodnegg,47.709876,9.690491,Aral,47.6952065918495,9.75904802673203
Grünkraut,47.743111,9.652681,Aral,47.775655940709264,9.604378046572632
Grünkraut,47.743111,9.652681,Aral,47.772072,9.67064
Grünkraut,47.743111,9.652681,Aral,47.73856288,9.59847558
Grünkraut,47.743111,9.652681,Tankstelle Roth,47.776347,9.618581
Grünkraut,47.743111,9.652681,Esso Tiger Wäsche,47.769568421059155,9.620649241986769
Grünkraut,47.743111,9.652681,Jet Ravensburg,47.79183067884173,9.62278425693512
Schlier,47.770627,9.674581,Aral,47.772072,9.67064
Schlier,47.770627,9.674581,Aral,47.775655940709264,9.604378046572632
Schlier,47.770627,9.674581,Aral,47.81205991,9.64072513
Schlier,47.770627,9.674581,RAN,47.81039566210624,9.627820356635715
Schlier,47.770627,9.674581,Tankstelle Roth,47.776347,9.618581
Schlier,47.770627,9.674581,Esso Tiger Wäsche,47.769568421059155,9.620649241986769
Schlier,47.770627,9.674581,schindele - waschpark,47.78996890811547,9.607973120231952
Schlier,47.770627,9.674581,Jet Ravensburg,47.79183067884173,9.62278425693512
Schlier,47.770627,9.674581,Esso Tankstelle,47.811687144952025,9.637253000398665
Waldburg,47.757454,9.712904,Aral,47.772072,9.67064
Aichstetten,47.892919,10.08067,Shell,47.880638668671985,10.040152085109447
Leutkirch im Allgäu,47.825064,10.024379,RAN,47.823236,10.015502
Leutkirch im Allgäu,47.825064,10.024379,Raststätte Aichstetten,47.830978067196526,9.99159414654225
Leutkirch im Allgäu,47.825064,10.024379,Bosch-Service Sichler,47.82301356253428,10.014354586601257
Leutkirch im Allgäu,47.825064,10.024379,Esso,47.82219471115024,10.007591876832015
Baienfurt,47.826982,9.651432,Boss Tankstelle,47.82900689688629,9.651685031726565
Baienfurt,47.826982,9.651432,Aral,47.81205991,9.64072513
Baienfurt,47.826982,9.651432,Bosch Service,47.821468891849264,9.636641767263628
Baienfurt,47.826982,9.651432,RAN,47.81039566210624,9.627820356635715
Baienfurt,47.826982,9.651432,Tankstelle Roth,47.776347,9.618581
Baienfurt,47.826982,9.651432,schindele - waschpark,47.78996890811547,9.607973120231952
Baienfurt,47.826982,9.651432,Esso Tankstelle,47.811687144952025,9.637253000398665
Baienfurt,47.826982,9.651432,Jet Ravensburg,47.79183067884173,9.62278425693512
Baienfurt,47.826982,9.651432,Aral,47.817805514048246,9.64223180394846
Baindt,47.84186,9.661164,Boss Tankstelle,47.82900689688629,9.651685031726565
Baindt,47.84186,9.661164,Aral,47.81205991,9.64072513
Baindt,47.84186,9.661164,Shell,47.87755019,9.70462081
Baindt,47.84186,9.661164,Bosch Service,47.821468891849264,9.636641767263628
Baindt,47.84186,9.661164,RAN,47.81039566210624,9.627820356635715
Baindt,47.84186,9.661164,Esso Tankstelle,47.811687144952025,9.637253000398665
Baindt,47.84186,9.661164,Aral,47.817805514048246,9.64223180394846
Berg,47.816128,9.595867,Aral,47.775655940709264,9.604378046572632
Berg,47.816128,9.595867,Shell,47.77973756,9.58624516
Berg,47.816128,9.595867,Aral,47.81205991,9.64072513
Berg,47.816128,9.595867,Bosch Service,47.821468891849264,9.636641767263628
Berg,47.816128,9.595867,RAN,47.81039566210624,9.627820356635715
Berg,47.816128,9.595867,Tankstelle Roth,47.776347,9.618581
Berg,47.816128,9.595867,Esso Tiger Wäsche,47.769568421059155,9.620649241986769
Berg,47.816128,9.595867,schindele - waschpark,47.78996890811547,9.607973120231952
Berg,47.816128,9.595867,Esso Tankstelle,47.811687144952025,9.637253000398665
Berg,47.816128,9.595867,Jet Ravensburg,47.79183067884173,9.62278425693512
Berg,47.816128,9.595867,Boss Tankstelle,47.82900689688629,9.651685031726565
Berg,47.816128,9.595867,Aral,47.817805514048246,9.64223180394846
Illmensee,47.862015,9.37451,Tankstelle,47.863135,9.423995
Pfullendorf,47.923774,9.255547,Esso,47.9246711730957,9.25516128540039
Pfullendorf,47.923774,9.255547,Esso,47.929574,9.243034
Pfullendorf,47.923774,9.255547,JET,47.934834,9.239961
Pfullendorf,47.923774,9.255547,Aral,47.92773907560452,9.243410056904654
Wald,47.937975,9.172005,JET,47.934834,9.239961
Wald,47.937975,9.172005,Esso,47.929574,9.243034
Wald,47.937975,9.172005,Aral,47.92773907560452,9.243410056904654
Herbertingen,48.061061,9.438105,JET,48.06301838159971,9.414759997330997
Bad Saulgau,48.013864,9.499183,AUTOWELT,48.01030898710339,9.496515301656803
Bad Saulgau,48.013864,9.499183,Shell,48.0066933,9.51388072
Bad Saulgau,48.013864,9.499183,Aral,48.01914342,9.49702003
Bad Saulgau,48.013864,9.499183,JET,48.019145284935924,9.492520505275184
Bingen,48.110738,9.272341,JET,48.090058744644224,9.222750980249305
Bingen,48.110738,9.272341,ECO-Tankstelle,48.06863999999999,9.26099
Bingen,48.110738,9.272341,Shell,48.08819067,9.23025274
Bingen,48.110738,9.272341,Aral,48.08664942,9.21202746
Bingen,48.110738,9.272341,ECO-Tankstelle,48.090218375866975,9.224985523307312
Inzigkofen,48.070376,9.179892,Aral,48.075856778085665,9.193518161773682
Inzigkofen,48.070376,9.179892,JET,48.090058744644224,9.222750980249305
Inzigkofen,48.070376,9.179892,Shell,48.08819067,9.23025274
Inzigkofen,48.070376,9.179892,Aral,48.08664942,9.21202746
Inzigkofen,48.070376,9.179892,ECO-Tankstelle,48.090218375866975,9.224985523307312
Inzigkofen,48.070376,9.179892,SB Tankstelle,48.08872840865119,9.209232060903947
Sigmaringen,48.086623,9.214788,Aral,48.08664942,9.21202746
Sigmaringen,48.086623,9.214788,Aral,48.075856778085665,9.193518161773682
Sigmaringen,48.086623,9.214788,JET,48.090058744644224,9.222750980249305
Sigmaringen,48.086623,9.214788,Shell,48.08819067,9.23025274
Sigmaringen,48.086623,9.214788,ECO-Tankstelle,48.090218375866975,9.224985523307312
Sigmaringen,48.086623,9.214788,ECO-Tankstelle,48.06863999999999,9.26099
Sigmaringen,48.086623,9.214788,SB Tankstelle,48.08872840865119,9.209232060903947
Sigmaringendorf,48.067985,9.261616,ECO-Tankstelle,48.06863999999999,9.26099
Sigmaringendorf,48.067985,9.261616,Aral,48.075856778085665,9.193518161773682
Sigmaringendorf,48.067985,9.261616,JET,48.090058744644224,9.222750980249305
Sigmaringendorf,48.067985,9.261616,ECO-Tankstelle,48.090218375866975,9.224985523307312
Sigmaringendorf,48.067985,9.261616,Aral,48.08664942,9.21202746
Sigmaringendorf,48.067985,9.261616,Shell,48.08819067,9.23025274
Sigmaringendorf,48.067985,9.261616,Aral,48.044409,9.322133
Sigmaringendorf,48.067985,9.261616,SB Tankstelle,48.08872840865119,9.209232060903947
Stetten am kalten Markt,48.121999,9.077554,Eco-Tankstelle,48.12578,9.078445
Stetten am kalten Markt,48.121999,9.077554,Avia Tankstelle,48.12597,9.078629
